<?xml version="1.0" encoding="UTF-8"?>
<project-private xmlns="http://www.netbeans.org/ns/project-private/1">
    <editor-bookmarks xmlns="http://www.netbeans.org/ns/editor-bookmarks/2" lastBookmarkId="0"/>
    <open-files xmlns="http://www.netbeans.org/ns/projectui-open-files/2">
        <group>
            <file>file:/C:/Programming/GitHub/car-rental-system/src/GUI/Cars/AddCar.java</file>
            <file>file:/C:/Programming/GitHub/car-rental-system/src/GUI/Customers/AddCustomer.java</file>
            <file>file:/C:/Programming/GitHub/car-rental-system/src/GUI/Customers/DisplayCustomer.java</file>
            <file>file:/C:/Programming/GitHub/car-rental-system/src/GUI/Cars/DisplayCar.java</file>
            <file>file:/C:/Programming/GitHub/car-rental-system/src/GUI/RentingCar/RentingExtras.java</file>
            <file>file:/C:/Programming/GitHub/car-rental-system/src/GUI/RentingCar/RentingInformation.java</file>
            <file>file:/C:/Programming/GitHub/car-rental-system/src/classes/SystemClass.java</file>
            <file>file:/C:/Programming/GitHub/car-rental-system/src/GUI/Login.java</file>
        </group>
    </open-files>
</project-private>
